{
  "project_info": {
    "project_number": "449407570348",
    "firebase_url": "https://flutter-85fa8-default-rtdb.firebaseio.com",
    "project_id": "flutter-85fa8",
    "storage_bucket": "flutter-85fa8.appspot.com"
  },
  "client": [
    {
      "client_info": {
        "mobilesdk_app_id": "1:449407570348:android:3e9b8eac0ca66467402a09",
        "android_client_info": {
          "package_name": "com.example.riderapp"
        }
      },
      "oauth_client": [
        {
          "client_id": "449407570348-q4431ouqgkk3riqhm2bindgce6ovb9at.apps.googleusercontent.com",
          "client_type": 3
        }
      ],
      "api_key": [
        {
          "current_key": "AIzaSyDM2rnRIn63M5RkcMawqP3Em_OZybqbi7I"
        }
      ],
      "services": {
        "appinvite_service": {
          "other_platform_oauth_client": [
            {
              "client_id": "449407570348-q4431ouqgkk3riqhm2bindgce6ovb9at.apps.googleusercontent.com",
              "client_type": 3
            }
          ]
        }
      }
    },
    {
      "client_info": {
        "mobilesdk_app_id": "1:449407570348:android:c8df2b26b68403be402a09",
        "android_client_info": {
          "package_name": "com.vdrive.riderapp"
        }
      },
      "oauth_client": [
        {
          "client_id": "449407570348-q4431ouqgkk3riqhm2bindgce6ovb9at.apps.googleusercontent.com",
          "client_type": 3
        }
      ],
      "api_key": [
        {
          "current_key": "AIzaSyDM2rnRIn63M5RkcMawqP3Em_OZybqbi7I"
        }
      ],
      "services": {
        "appinvite_service": {
          "other_platform_oauth_client": [
            {
              "client_id": "449407570348-q4431ouqgkk3riqhm2bindgce6ovb9at.apps.googleusercontent.com",
              "client_type": 3
            }
          ]
        }
      }
    }
  ],
  "configuration_version": "1"
}